 REM INSERTING into PAYS
Insert into PAYS (CODE_PAYS,NOM_PAYS) values ('FR','France');
Insert into PAYS (CODE_PAYS,NOM_PAYS) values ('AU','Australie');
Insert into PAYS (CODE_PAYS,NOM_PAYS) values ('BE','Belgique');
Insert into PAYS (CODE_PAYS,NOM_PAYS) values ('US','Etats-Unis');
Insert into PAYS (CODE_PAYS,NOM_PAYS) values ('GE','Allemagne');


REM INSERTING into VILLE
Insert into VILLE (CODE_PAYS,CODE_COMMUNE,NOM_VILLE,NOM_PAYS,NB_HABITANTS_VILLE,REGION_VILLE,ALTITUDE_VILLE) values ('FR',85011,'Passage du Gois','France',100,null,100);
Insert into VILLE (CODE_PAYS,CODE_COMMUNE,NOM_VILLE,NOM_PAYS,NB_HABITANTS_VILLE,REGION_VILLE,ALTITUDE_VILLE) values ('FR',37013,'Avrillé','France',1000,null,1000);
Insert into VILLE (CODE_PAYS,CODE_COMMUNE,NOM_VILLE,NOM_PAYS,NB_HABITANTS_VILLE,REGION_VILLE,ALTITUDE_VILLE) values ('FR',36173,'Rosnay','France',2000,null,1000);
Insert into VILLE (CODE_PAYS,CODE_COMMUNE,NOM_VILLE,NOM_PAYS,NB_HABITANTS_VILLE,REGION_VILLE,ALTITUDE_VILLE) values ('FR',85109,'Les Herbiers','France',3500,null,2000);
Insert into VILLE (CODE_PAYS,CODE_COMMUNE,NOM_VILLE,NOM_PAYS,NB_HABITANTS_VILLE,REGION_VILLE,ALTITUDE_VILLE) values ('FR',85084,'Les Essarts','France',8000,null,2500);
Insert into VILLE (CODE_PAYS,CODE_COMMUNE,NOM_VILLE,NOM_PAYS,NB_HABITANTS_VILLE,REGION_VILLE,ALTITUDE_VILLE) values ('FR',85030,'Boulogne','France',20000,null,200);
Insert into VILLE (CODE_PAYS,CODE_COMMUNE,NOM_VILLE,NOM_PAYS,NB_HABITANTS_VILLE,REGION_VILLE,ALTITUDE_VILLE) values ('FR',85142,'La Merlatière','France',2000,null,250);
Insert into VILLE (CODE_PAYS,CODE_COMMUNE,NOM_VILLE,NOM_PAYS,NB_HABITANTS_VILLE,REGION_VILLE,ALTITUDE_VILLE) values ('FR',25200,'Montbéliard','France',30000,'Franche-Comté',400);
Insert into VILLE (CODE_PAYS,CODE_COMMUNE,NOM_VILLE,NOM_PAYS,NB_HABITANTS_VILLE,REGION_VILLE,ALTITUDE_VILLE) values ('FR',68350,'Ballon d''Alsace','France',1,'Alsace',1200);
Insert into VILLE (CODE_PAYS,CODE_COMMUNE,NOM_VILLE,NOM_PAYS,NB_HABITANTS_VILLE,REGION_VILLE,ALTITUDE_VILLE) values ('FR',68700,'Mulhouse','France',70000,'Alsace',600);
Insert into VILLE (CODE_PAYS,CODE_COMMUNE,NOM_VILLE,NOM_PAYS,NB_HABITANTS_VILLE,REGION_VILLE,ALTITUDE_VILLE) values ('FR',68000,'Colmar','France',55000,'Alsace',800);
Insert into VILLE (CODE_PAYS,CODE_COMMUNE,NOM_VILLE,NOM_PAYS,NB_HABITANTS_VILLE,REGION_VILLE,ALTITUDE_VILLE) values ('FR',51454,'Reims','France',50000,'Champagne-Ardenne',100);
Insert into VILLE (CODE_PAYS,CODE_COMMUNE,NOM_VILLE,NOM_PAYS,NB_HABITANTS_VILLE,REGION_VILLE,ALTITUDE_VILLE) values ('FR',75000,'Paris','France',2000000,'Ile-de-France',2);


REM INSERTING into COUREUR
Insert into COUREUR (NUM_COUREUR,CODE_PAYS,NOM_COUREUR,PRENOM_COUREUR,DATE_NAISSANCE_COUREUR,TAILLE_COUREUR,POIDS_COUREUR,VILLE_NAISSANCE_COUREUR,NOM_PAYS) values (99,'BE','Boonen','Tom',to_timestamp('09/06/12','DD/MM/RR HH24:MI:SSXFF'),null,null,null,null);
Insert into COUREUR (NUM_COUREUR,CODE_PAYS,NOM_COUREUR,PRENOM_COUREUR,DATE_NAISSANCE_COUREUR,TAILLE_COUREUR,POIDS_COUREUR,VILLE_NAISSANCE_COUREUR,NOM_PAYS) values (1,'AU','EVANS','CADEL',to_timestamp('14/01/81','DD/MM/RR HH24:MI:SSXFF'),180,80,'Sydney','Australie');
Insert into COUREUR (NUM_COUREUR,CODE_PAYS,NOM_COUREUR,PRENOM_COUREUR,DATE_NAISSANCE_COUREUR,TAILLE_COUREUR,POIDS_COUREUR,VILLE_NAISSANCE_COUREUR,NOM_PAYS) values (2,'US','BOOKWALTER','BRENT',to_timestamp('07/09/90','DD/MM/RR HH24:MI:SSXFF'),172,70,'New York','Etats-Unis');
Insert into COUREUR (NUM_COUREUR,CODE_PAYS,NOM_COUREUR,PRENOM_COUREUR,DATE_NAISSANCE_COUREUR,TAILLE_COUREUR,POIDS_COUREUR,VILLE_NAISSANCE_COUREUR,NOM_PAYS) values (3,'GE','BURGHARDT','MARCUS',to_timestamp('07/05/85','DD/MM/RR HH24:MI:SSXFF'),170,75,'Berlin','Allemagne');
Insert into COUREUR (NUM_COUREUR,CODE_PAYS,NOM_COUREUR,PRENOM_COUREUR,DATE_NAISSANCE_COUREUR,TAILLE_COUREUR,POIDS_COUREUR,VILLE_NAISSANCE_COUREUR,NOM_PAYS) values (4,'US','HINCAPIE','GEORGE',to_timestamp('21/10/88','DD/MM/RR HH24:MI:SSXFF'),175,76,'Chicago','Etats-Unis');
Insert into COUREUR (NUM_COUREUR,CODE_PAYS,NOM_COUREUR,PRENOM_COUREUR,DATE_NAISSANCE_COUREUR,TAILLE_COUREUR,POIDS_COUREUR,VILLE_NAISSANCE_COUREUR,NOM_PAYS) values (11,'FR','CASAR','SANDY',to_timestamp('24/07/89','DD/MM/RR HH24:MI:SSXFF'),190,90,'Paris','France');
Insert into COUREUR (NUM_COUREUR,CODE_PAYS,NOM_COUREUR,PRENOM_COUREUR,DATE_NAISSANCE_COUREUR,TAILLE_COUREUR,POIDS_COUREUR,VILLE_NAISSANCE_COUREUR,NOM_PAYS) values (12,'FR','BONNET','WILLIAM',to_timestamp('25/08/82','DD/MM/RR HH24:MI:SSXFF'),186,76,'Rennes','France');
Insert into COUREUR (NUM_COUREUR,CODE_PAYS,NOM_COUREUR,PRENOM_COUREUR,DATE_NAISSANCE_COUREUR,TAILLE_COUREUR,POIDS_COUREUR,VILLE_NAISSANCE_COUREUR,NOM_PAYS) values (13,'FR','DELAGE','MICKAEL',to_timestamp('12/04/79','DD/MM/RR HH24:MI:SSXFF'),169,69,'Montbéliard','France');
Insert into COUREUR (NUM_COUREUR,CODE_PAYS,NOM_COUREUR,PRENOM_COUREUR,DATE_NAISSANCE_COUREUR,TAILLE_COUREUR,POIDS_COUREUR,VILLE_NAISSANCE_COUREUR,NOM_PAYS) values (14,'FR','JEANNESSON','ARNOLD',to_timestamp('13/07/89','DD/MM/RR HH24:MI:SSXFF'),190,85,'Strasbourg','France');
Insert into COUREUR (NUM_COUREUR,CODE_PAYS,NOM_COUREUR,PRENOM_COUREUR,DATE_NAISSANCE_COUREUR,TAILLE_COUREUR,POIDS_COUREUR,VILLE_NAISSANCE_COUREUR,NOM_PAYS) values (21,'FR','VOECKLER','THOMAS',to_timestamp('10/12/82','DD/MM/RR HH24:MI:SSXFF'),183,80,'Lille','France');
Insert into COUREUR (NUM_COUREUR,CODE_PAYS,NOM_COUREUR,PRENOM_COUREUR,DATE_NAISSANCE_COUREUR,TAILLE_COUREUR,POIDS_COUREUR,VILLE_NAISSANCE_COUREUR,NOM_PAYS) values (22,'FR','CHARTEAU','ANTHONY',to_timestamp('10/05/86','DD/MM/RR HH24:MI:SSXFF'),192,82,'Lyon','France');
Insert into COUREUR (NUM_COUREUR,CODE_PAYS,NOM_COUREUR,PRENOM_COUREUR,DATE_NAISSANCE_COUREUR,TAILLE_COUREUR,POIDS_COUREUR,VILLE_NAISSANCE_COUREUR,NOM_PAYS) values (23,'FR','GAUTIER','CYRIL',to_timestamp('12/04/87','DD/MM/RR HH24:MI:SSXFF'),175,75,'Rennes','France');
Insert into COUREUR (NUM_COUREUR,CODE_PAYS,NOM_COUREUR,PRENOM_COUREUR,DATE_NAISSANCE_COUREUR,TAILLE_COUREUR,POIDS_COUREUR,VILLE_NAISSANCE_COUREUR,NOM_PAYS) values (24,'FR','GENE','JEROME',to_timestamp('23/07/92','DD/MM/RR HH24:MI:SSXFF'),177,71,'Belfort','France');


REM INSERTING into COURSE
Insert into COURSE (NUM_COURSE,NOM_COURSE,DEBUT_COURSE,FIN_COURSE) values (2011,'Tour de France 2011             ',to_timestamp('02/07/11','DD/MM/RR HH24:MI:SSXFF'),to_timestamp('24/07/11','DD/MM/RR HH24:MI:SSXFF'));
Insert into COURSE (NUM_COURSE,NOM_COURSE,DEBUT_COURSE,FIN_COURSE) values (2013,'TDF 2013                        ',to_timestamp('07/06/13','DD/MM/RR HH24:MI:SSXFF'),to_timestamp('28/06/13','DD/MM/RR HH24:MI:SSXFF'));
Insert into COURSE (NUM_COURSE,NOM_COURSE,DEBUT_COURSE,FIN_COURSE) values (2014,'Tour de France 2014             ',to_timestamp('01/07/14','DD/MM/RR HH24:MI:SSXFF'),to_timestamp('30/07/14','DD/MM/RR HH24:MI:SSXFF'));


REM INSERTING into PARTENAIRE
Insert into PARTENAIRE (NUM_PARTENAIRE,NOM_PARTENAIRE) values (1,'UTBM');
Insert into PARTENAIRE (NUM_PARTENAIRE,NOM_PARTENAIRE) values (2,'NOVARTIS');
Insert into PARTENAIRE (NUM_PARTENAIRE,NOM_PARTENAIRE) values (3,'EDF');


REM INSERTING into CARAVANE
Insert into CARAVANE (NUM_COURSE,NUM_PARTENAIRE) values (2011,1);
Insert into CARAVANE (NUM_COURSE,NUM_PARTENAIRE) values (2011,2);
Insert into CARAVANE (NUM_COURSE,NUM_PARTENAIRE) values (2011,3);
Insert into CARAVANE (NUM_COURSE,NUM_PARTENAIRE) values (2013,1);
Insert into CARAVANE (NUM_COURSE,NUM_PARTENAIRE) values (2013,3);


REM INSERTING into EQUIPE
Insert into EQUIPE (NUM_COURSE,CODE_EQUIPE,NOM_EQUIPE,DIRECTEUR_SPORTIF_EQUIPE,BUDGET_EQUIPE) values (2013,'FDJ','FRANCAISE DES JEUX','THIERRY BRICAUD',14);
Insert into EQUIPE (NUM_COURSE,CODE_EQUIPE,NOM_EQUIPE,DIRECTEUR_SPORTIF_EQUIPE,BUDGET_EQUIPE) values (2011,'BMC','BMC RACING TEAM','JOHN LELANGUE',20);
Insert into EQUIPE (NUM_COURSE,CODE_EQUIPE,NOM_EQUIPE,DIRECTEUR_SPORTIF_EQUIPE,BUDGET_EQUIPE) values (2011,'FDJ','FRANCAISE DES JEUX','THIERRY BRICAUD',12);
Insert into EQUIPE (NUM_COURSE,CODE_EQUIPE,NOM_EQUIPE,DIRECTEUR_SPORTIF_EQUIPE,BUDGET_EQUIPE) values (2011,'EUC','TEAM EUROPCAR ','DOMINIQUE ARNOULD',10);


REM INSERTING into TYPE_ETAPE
Insert into TYPE_ETAPE (NUM_TYPE_ETAPE,LIBELLE_TYPE_ETAPE) values (1,'En ligne plat                   ');
Insert into TYPE_ETAPE (NUM_TYPE_ETAPE,LIBELLE_TYPE_ETAPE) values (2,'Contre-la-montre                ');
Insert into TYPE_ETAPE (NUM_TYPE_ETAPE,LIBELLE_TYPE_ETAPE) values (3,'Prologue                        ');
Insert into TYPE_ETAPE (NUM_TYPE_ETAPE,LIBELLE_TYPE_ETAPE) values (4,'En ligne accidenté              ');
Insert into TYPE_ETAPE (NUM_TYPE_ETAPE,LIBELLE_TYPE_ETAPE) values (5,'En ligne haute-montagne         ');


REM INSERTING into TYPE
Insert into TYPE (CODE_TYPE,LIBELLE_TYPE) values ('AUTRE','Autre');
Insert into TYPE (CODE_TYPE,LIBELLE_TYPE) values ('MONTA','Col');
Insert into TYPE (CODE_TYPE,LIBELLE_TYPE) values ('SPRIN','Sprint');
Insert into TYPE (CODE_TYPE,LIBELLE_TYPE) values ('ARRIV','Arrivée');


REM INSERTING into CATEGORIE
Insert into CATEGORIE (CODE_TYPE,CODE_CATEGORIE,LIBELLE_CATEGORIE,LIBELLE_TYPE) values ('ARRIV','ACCID','Arrivée accidentée              ','Arrivée');
Insert into CATEGORIE (CODE_TYPE,CODE_CATEGORIE,LIBELLE_CATEGORIE,LIBELLE_TYPE) values ('MONTA','COL1 ','Col de première catégorie       ','Col');
Insert into CATEGORIE (CODE_TYPE,CODE_CATEGORIE,LIBELLE_CATEGORIE,LIBELLE_TYPE) values ('MONTA','COL2 ','Col de deuxième catégorie       ','Col');
Insert into CATEGORIE (CODE_TYPE,CODE_CATEGORIE,LIBELLE_CATEGORIE,LIBELLE_TYPE) values ('MONTA','COL3 ','Col de troisième catégorie      ','Col');
Insert into CATEGORIE (CODE_TYPE,CODE_CATEGORIE,LIBELLE_CATEGORIE,LIBELLE_TYPE) values ('MONTA','COL4 ','Col de quatrième catégorie      ','Col');
Insert into CATEGORIE (CODE_TYPE,CODE_CATEGORIE,LIBELLE_CATEGORIE,LIBELLE_TYPE) values ('MONTA','COLHC','Col hors catégorie              ','Col');
Insert into CATEGORIE (CODE_TYPE,CODE_CATEGORIE,LIBELLE_CATEGORIE,LIBELLE_TYPE) values ('ARRIV','PLAT ','Arrivée plat                    ','Arrivée');
Insert into CATEGORIE (CODE_TYPE,CODE_CATEGORIE,LIBELLE_CATEGORIE,LIBELLE_TYPE) values ('AUTRE','RAVIT','Ravitaillement                  ','Autre');
Insert into CATEGORIE (CODE_TYPE,CODE_CATEGORIE,LIBELLE_CATEGORIE,LIBELLE_TYPE) values ('AUTRE','CHRON','Chronomètrage intermédiaire     ','Autre');
Insert into CATEGORIE (CODE_TYPE,CODE_CATEGORIE,LIBELLE_CATEGORIE,LIBELLE_TYPE) values ('SPRIN','SPRIN','Sprint intermédiaire            ','Sprint');
Insert into CATEGORIE (CODE_TYPE,CODE_CATEGORIE,LIBELLE_CATEGORIE,LIBELLE_TYPE) values ('ARRIV','HMONT','Arrivée haute-montagne          ','Arrivée');
Insert into CATEGORIE (CODE_TYPE,CODE_CATEGORIE,LIBELLE_CATEGORIE,LIBELLE_TYPE) values ('ARRIV','CLM  ','Arrivée contre-la-montre        ','Arrivée');
Insert into CATEGORIE (CODE_TYPE,CODE_CATEGORIE,LIBELLE_CATEGORIE,LIBELLE_TYPE) values ('AUTRE','DEPAR','Départ                          ','Autre');


REM INSERTING into BAREME
Insert into BAREME (CODE_TYPE,CODE_CATEGORIE,PLACE_BAREME,PTS_MONTAGNE_BAREME,PTS_SPRINT_BAREME,SEC_BONIF_BAREME) values ('ARRIV','PLAT ',1,0,45,20);
Insert into BAREME (CODE_TYPE,CODE_CATEGORIE,PLACE_BAREME,PTS_MONTAGNE_BAREME,PTS_SPRINT_BAREME,SEC_BONIF_BAREME) values ('ARRIV','PLAT ',2,0,35,12);
Insert into BAREME (CODE_TYPE,CODE_CATEGORIE,PLACE_BAREME,PTS_MONTAGNE_BAREME,PTS_SPRINT_BAREME,SEC_BONIF_BAREME) values ('ARRIV','PLAT ',3,0,30,8);
Insert into BAREME (CODE_TYPE,CODE_CATEGORIE,PLACE_BAREME,PTS_MONTAGNE_BAREME,PTS_SPRINT_BAREME,SEC_BONIF_BAREME) values ('ARRIV','PLAT ',4,0,26,0);
Insert into BAREME (CODE_TYPE,CODE_CATEGORIE,PLACE_BAREME,PTS_MONTAGNE_BAREME,PTS_SPRINT_BAREME,SEC_BONIF_BAREME) values ('ARRIV','PLAT ',5,0,22,0);
Insert into BAREME (CODE_TYPE,CODE_CATEGORIE,PLACE_BAREME,PTS_MONTAGNE_BAREME,PTS_SPRINT_BAREME,SEC_BONIF_BAREME) values ('ARRIV','PLAT ',6,0,20,0);
Insert into BAREME (CODE_TYPE,CODE_CATEGORIE,PLACE_BAREME,PTS_MONTAGNE_BAREME,PTS_SPRINT_BAREME,SEC_BONIF_BAREME) values ('ARRIV','PLAT ',7,0,18,0);
Insert into BAREME (CODE_TYPE,CODE_CATEGORIE,PLACE_BAREME,PTS_MONTAGNE_BAREME,PTS_SPRINT_BAREME,SEC_BONIF_BAREME) values ('ARRIV','PLAT ',8,0,16,0);
Insert into BAREME (CODE_TYPE,CODE_CATEGORIE,PLACE_BAREME,PTS_MONTAGNE_BAREME,PTS_SPRINT_BAREME,SEC_BONIF_BAREME) values ('ARRIV','PLAT ',9,0,14,0);
Insert into BAREME (CODE_TYPE,CODE_CATEGORIE,PLACE_BAREME,PTS_MONTAGNE_BAREME,PTS_SPRINT_BAREME,SEC_BONIF_BAREME) values ('ARRIV','PLAT ',10,0,12,0);
Insert into BAREME (CODE_TYPE,CODE_CATEGORIE,PLACE_BAREME,PTS_MONTAGNE_BAREME,PTS_SPRINT_BAREME,SEC_BONIF_BAREME) values ('ARRIV','PLAT ',11,0,10,0);
Insert into BAREME (CODE_TYPE,CODE_CATEGORIE,PLACE_BAREME,PTS_MONTAGNE_BAREME,PTS_SPRINT_BAREME,SEC_BONIF_BAREME) values ('ARRIV','PLAT ',12,0,8,0);
Insert into BAREME (CODE_TYPE,CODE_CATEGORIE,PLACE_BAREME,PTS_MONTAGNE_BAREME,PTS_SPRINT_BAREME,SEC_BONIF_BAREME) values ('ARRIV','PLAT ',13,0,6,0);
Insert into BAREME (CODE_TYPE,CODE_CATEGORIE,PLACE_BAREME,PTS_MONTAGNE_BAREME,PTS_SPRINT_BAREME,SEC_BONIF_BAREME) values ('ARRIV','PLAT ',14,0,4,0);
Insert into BAREME (CODE_TYPE,CODE_CATEGORIE,PLACE_BAREME,PTS_MONTAGNE_BAREME,PTS_SPRINT_BAREME,SEC_BONIF_BAREME) values ('ARRIV','PLAT ',15,0,2,0);
Insert into BAREME (CODE_TYPE,CODE_CATEGORIE,PLACE_BAREME,PTS_MONTAGNE_BAREME,PTS_SPRINT_BAREME,SEC_BONIF_BAREME) values ('SPRIN','SPRIN',1,0,6,6);
Insert into BAREME (CODE_TYPE,CODE_CATEGORIE,PLACE_BAREME,PTS_MONTAGNE_BAREME,PTS_SPRINT_BAREME,SEC_BONIF_BAREME) values ('SPRIN','SPRIN',2,0,4,4);
Insert into BAREME (CODE_TYPE,CODE_CATEGORIE,PLACE_BAREME,PTS_MONTAGNE_BAREME,PTS_SPRINT_BAREME,SEC_BONIF_BAREME) values ('SPRIN','SPRIN',3,0,2,2);
Insert into BAREME (CODE_TYPE,CODE_CATEGORIE,PLACE_BAREME,PTS_MONTAGNE_BAREME,PTS_SPRINT_BAREME,SEC_BONIF_BAREME) values ('ARRIV','CLM  ',1,0,15,0);
Insert into BAREME (CODE_TYPE,CODE_CATEGORIE,PLACE_BAREME,PTS_MONTAGNE_BAREME,PTS_SPRINT_BAREME,SEC_BONIF_BAREME) values ('ARRIV','CLM  ',2,0,12,0);
Insert into BAREME (CODE_TYPE,CODE_CATEGORIE,PLACE_BAREME,PTS_MONTAGNE_BAREME,PTS_SPRINT_BAREME,SEC_BONIF_BAREME) values ('ARRIV','CLM  ',3,0,10,0);
Insert into BAREME (CODE_TYPE,CODE_CATEGORIE,PLACE_BAREME,PTS_MONTAGNE_BAREME,PTS_SPRINT_BAREME,SEC_BONIF_BAREME) values ('ARRIV','CLM  ',4,0,8,0);
Insert into BAREME (CODE_TYPE,CODE_CATEGORIE,PLACE_BAREME,PTS_MONTAGNE_BAREME,PTS_SPRINT_BAREME,SEC_BONIF_BAREME) values ('ARRIV','CLM  ',5,0,6,0);
Insert into BAREME (CODE_TYPE,CODE_CATEGORIE,PLACE_BAREME,PTS_MONTAGNE_BAREME,PTS_SPRINT_BAREME,SEC_BONIF_BAREME) values ('ARRIV','CLM  ',6,0,5,0);
Insert into BAREME (CODE_TYPE,CODE_CATEGORIE,PLACE_BAREME,PTS_MONTAGNE_BAREME,PTS_SPRINT_BAREME,SEC_BONIF_BAREME) values ('ARRIV','CLM  ',7,0,4,0);
Insert into BAREME (CODE_TYPE,CODE_CATEGORIE,PLACE_BAREME,PTS_MONTAGNE_BAREME,PTS_SPRINT_BAREME,SEC_BONIF_BAREME) values ('ARRIV','CLM  ',8,0,3,0);
Insert into BAREME (CODE_TYPE,CODE_CATEGORIE,PLACE_BAREME,PTS_MONTAGNE_BAREME,PTS_SPRINT_BAREME,SEC_BONIF_BAREME) values ('ARRIV','CLM  ',9,0,2,0);
Insert into BAREME (CODE_TYPE,CODE_CATEGORIE,PLACE_BAREME,PTS_MONTAGNE_BAREME,PTS_SPRINT_BAREME,SEC_BONIF_BAREME) values ('ARRIV','CLM  ',10,0,1,0);
Insert into BAREME (CODE_TYPE,CODE_CATEGORIE,PLACE_BAREME,PTS_MONTAGNE_BAREME,PTS_SPRINT_BAREME,SEC_BONIF_BAREME) values ('MONTA','COL4 ',1,1,0,0);
Insert into BAREME (CODE_TYPE,CODE_CATEGORIE,PLACE_BAREME,PTS_MONTAGNE_BAREME,PTS_SPRINT_BAREME,SEC_BONIF_BAREME) values ('MONTA','COL1 ',1,10,0,0);
Insert into BAREME (CODE_TYPE,CODE_CATEGORIE,PLACE_BAREME,PTS_MONTAGNE_BAREME,PTS_SPRINT_BAREME,SEC_BONIF_BAREME) values ('MONTA','COL1 ',2,8,0,0);
Insert into BAREME (CODE_TYPE,CODE_CATEGORIE,PLACE_BAREME,PTS_MONTAGNE_BAREME,PTS_SPRINT_BAREME,SEC_BONIF_BAREME) values ('MONTA','COL1 ',3,6,0,0);
Insert into BAREME (CODE_TYPE,CODE_CATEGORIE,PLACE_BAREME,PTS_MONTAGNE_BAREME,PTS_SPRINT_BAREME,SEC_BONIF_BAREME) values ('MONTA','COL1 ',4,4,0,0);
Insert into BAREME (CODE_TYPE,CODE_CATEGORIE,PLACE_BAREME,PTS_MONTAGNE_BAREME,PTS_SPRINT_BAREME,SEC_BONIF_BAREME) values ('MONTA','COL1 ',5,2,0,0);
Insert into BAREME (CODE_TYPE,CODE_CATEGORIE,PLACE_BAREME,PTS_MONTAGNE_BAREME,PTS_SPRINT_BAREME,SEC_BONIF_BAREME) values ('MONTA','COL1 ',6,1,0,0);
Insert into BAREME (CODE_TYPE,CODE_CATEGORIE,PLACE_BAREME,PTS_MONTAGNE_BAREME,PTS_SPRINT_BAREME,SEC_BONIF_BAREME) values ('MONTA','COLHC',1,20,0,0);
Insert into BAREME (CODE_TYPE,CODE_CATEGORIE,PLACE_BAREME,PTS_MONTAGNE_BAREME,PTS_SPRINT_BAREME,SEC_BONIF_BAREME) values ('MONTA','COLHC',2,16,0,0);
Insert into BAREME (CODE_TYPE,CODE_CATEGORIE,PLACE_BAREME,PTS_MONTAGNE_BAREME,PTS_SPRINT_BAREME,SEC_BONIF_BAREME) values ('MONTA','COLHC',3,12,0,0);
Insert into BAREME (CODE_TYPE,CODE_CATEGORIE,PLACE_BAREME,PTS_MONTAGNE_BAREME,PTS_SPRINT_BAREME,SEC_BONIF_BAREME) values ('MONTA','COLHC',4,8,0,0);
Insert into BAREME (CODE_TYPE,CODE_CATEGORIE,PLACE_BAREME,PTS_MONTAGNE_BAREME,PTS_SPRINT_BAREME,SEC_BONIF_BAREME) values ('MONTA','COLHC',5,4,0,0);
Insert into BAREME (CODE_TYPE,CODE_CATEGORIE,PLACE_BAREME,PTS_MONTAGNE_BAREME,PTS_SPRINT_BAREME,SEC_BONIF_BAREME) values ('MONTA','COLHC',6,2,0,0);


REM INSERTING into ETAPE
Insert into ETAPE (NUM_COURSE,NUM_ETAPE,NUM_TYPE_ETAPE,NB_KM_ETAPE,DATE_ETAPE) values (2011,1,1,191,5,to_timestamp('02/07/11 10:00:00,000000000','DD/MM/RR HH24:MI:SS,FF'));
Insert into ETAPE (NUM_COURSE,NUM_ETAPE,NUM_TYPE_ETAPE,NB_KM_ETAPE,DATE_ETAPE) values (2011,2,2,23,to_timestamp('03/07/11 10:00:00,000000000','DD/MM/RR HH24:MI:SS,FF'));
Insert into ETAPE (NUM_COURSE,NUM_ETAPE,NUM_TYPE_ETAPE,NB_KM_ETAPE,DATE_ETAPE) values (2011,3,1,150,to_timestamp('04/07/11 11:00:00,000000000','DD/MM/RR HH24:MI:SS,FF'));
Insert into ETAPE (NUM_COURSE,NUM_ETAPE,NUM_TYPE_ETAPE,NB_KM_ETAPE,DATE_ETAPE) values (2011,4,1,200,to_timestamp('05/07/11 10:00:00,000000000','DD/MM/RR HH24:MI:SS,FF'));
Insert into ETAPE (NUM_COURSE,NUM_ETAPE,NUM_TYPE_ETAPE,NB_KM_ETAPE,DATE_ETAPE) values (2013,1,5,132,to_timestamp('13/06/12 10:00:00,000000000','DD/MM/RR HH24:MI:SS,FF'));


REM INSERTING into POINT_KM
Insert into POINT_KM (NUM_COURSE,NUM_ETAPE,KM,CODE_COMMUNE,CODE_CATEGORIE,CODE_PAYS,CODE_TYPE,HEURE_PASSAGE_POINT_KM,LIBELLE_TYPE,LIBELLE_CATEGORIE) values (2013,1,101,85109,'SPRIN','FR','SPRIN',to_timestamp('01/06/13 15:01:00,000000000','DD/MM/RR HH24:MI:SS,FF'),'Sprint','Sprint                          ');
Insert into POINT_KM (NUM_COURSE,NUM_ETAPE,KM,CODE_COMMUNE,CODE_CATEGORIE,CODE_PAYS,CODE_TYPE,HEURE_PASSAGE_POINT_KM,LIBELLE_TYPE,LIBELLE_CATEGORIE) values (2011,1,0,85011,'DEPAR','FR','AUTRE',to_timestamp('02/07/12 10:00:00,000000000','DD/MM/RR HH24:MI:SS,FF'),'Autre','Départ                          ');
Insert into POINT_KM (NUM_COURSE,NUM_ETAPE,KM,CODE_COMMUNE,CODE_CATEGORIE,CODE_PAYS,CODE_TYPE,HEURE_PASSAGE_POINT_KM,LIBELLE_TYPE,LIBELLE_CATEGORIE) values (2011,1,87,37013,'SPRIN','FR','SPRIN',to_timestamp('02/07/12 14:00:00,000000000','DD/MM/RR HH24:MI:SS,FF'),'Sprint','Sprint                          ');
Insert into POINT_KM (NUM_COURSE,NUM_ETAPE,KM,CODE_COMMUNE,CODE_CATEGORIE,CODE_PAYS,CODE_TYPE,HEURE_PASSAGE_POINT_KM,LIBELLE_TYPE,LIBELLE_CATEGORIE) values (2011,1,104,36173,'RAVIT','FR','AUTRE',to_timestamp('02/07/12 16:00:00,000000000','DD/MM/RR HH24:MI:SS,FF'),'Autre','Ravitaillement                  ');
Insert into POINT_KM (NUM_COURSE,NUM_ETAPE,KM,CODE_COMMUNE,CODE_CATEGORIE,CODE_PAYS,CODE_TYPE,HEURE_PASSAGE_POINT_KM,LIBELLE_TYPE,LIBELLE_CATEGORIE) values (2011,1,191,5,85109,'PLAT ','FR','ARRIV',to_timestamp('02/07/12 17:00:00,000000000','DD/MM/RR HH24:MI:SS,FF'),'Arrivée','Arrivée plat                    ');
Insert into POINT_KM (NUM_COURSE,NUM_ETAPE,KM,CODE_COMMUNE,CODE_CATEGORIE,CODE_PAYS,CODE_TYPE,HEURE_PASSAGE_POINT_KM,LIBELLE_TYPE,LIBELLE_CATEGORIE) values (2011,1,191,4,85109,'COL4 ','FR','MONTA',to_timestamp('02/07/12 16:59:00,000000000','DD/MM/RR HH24:MI:SS,FF'),'Col','Col quatrième catégorie         ');
Insert into POINT_KM (NUM_COURSE,NUM_ETAPE,KM,CODE_COMMUNE,CODE_CATEGORIE,CODE_PAYS,CODE_TYPE,HEURE_PASSAGE_POINT_KM,LIBELLE_TYPE,LIBELLE_CATEGORIE) values (2011,2,0,85084,'DEPAR','FR','AUTRE',to_timestamp('03/07/12 10:00:00,000000000','DD/MM/RR HH24:MI:SS,FF'),'Autre','Départ                          ');
Insert into POINT_KM (NUM_COURSE,NUM_ETAPE,KM,CODE_COMMUNE,CODE_CATEGORIE,CODE_PAYS,CODE_TYPE,HEURE_PASSAGE_POINT_KM,LIBELLE_TYPE,LIBELLE_CATEGORIE) values (2011,2,9,85030,'CHRON','FR','AUTRE',to_timestamp('03/07/12 11:00:00,000000000','DD/MM/RR HH24:MI:SS,FF'),'Autre','Chronométrage intermédiaire     ');
Insert into POINT_KM (NUM_COURSE,NUM_ETAPE,KM,CODE_COMMUNE,CODE_CATEGORIE,CODE_PAYS,CODE_TYPE,HEURE_PASSAGE_POINT_KM,LIBELLE_TYPE,LIBELLE_CATEGORIE) values (2011,2,16,5,85142,'CHRON','FR','AUTRE',to_timestamp('03/07/12 12:00:00,000000000','DD/MM/RR HH24:MI:SS,FF'),'Autre','Chronométrage intermédiaire     ');
Insert into POINT_KM (NUM_COURSE,NUM_ETAPE,KM,CODE_COMMUNE,CODE_CATEGORIE,CODE_PAYS,CODE_TYPE,HEURE_PASSAGE_POINT_KM,LIBELLE_TYPE,LIBELLE_CATEGORIE) values (2011,2,23,85084,'CLM  ','FR','ARRIV',to_timestamp('03/07/12 13:00:00,000000000','DD/MM/RR HH24:MI:SS,FF'),'Arrivée','Arrivée contre-la-montre        ');
Insert into POINT_KM (NUM_COURSE,NUM_ETAPE,KM,CODE_COMMUNE,CODE_CATEGORIE,CODE_PAYS,CODE_TYPE,HEURE_PASSAGE_POINT_KM,LIBELLE_TYPE,LIBELLE_CATEGORIE) values (2013,1,150,2,85084,'PLAT ','FR','ARRIV',to_timestamp('01/06/13 17:00:00,000000000','DD/MM/RR HH24:MI:SS,FF'),'Arrivée','Arrivée plat                    ');
Insert into POINT_KM (NUM_COURSE,NUM_ETAPE,KM,CODE_COMMUNE,CODE_CATEGORIE,CODE_PAYS,CODE_TYPE,HEURE_PASSAGE_POINT_KM,LIBELLE_TYPE,LIBELLE_CATEGORIE) values (2013,1,100,85011,'RAVIT','FR','AUTRE',to_timestamp('01/06/13 15:00:00,000000000','DD/MM/RR HH24:MI:SS,FF'),'Autre','Ravitaillement                  ');
Insert into POINT_KM (NUM_COURSE,NUM_ETAPE,KM,CODE_COMMUNE,CODE_CATEGORIE,CODE_PAYS,CODE_TYPE,HEURE_PASSAGE_POINT_KM,LIBELLE_TYPE,LIBELLE_CATEGORIE) values (2011,2,20,85142,'COL1 ','FR','MONTA',to_timestamp('03/07/12 12:30:00,000000000','DD/MM/RR HH24:MI:SS,FF'),'Montagne','Col première catégorie          ');
Insert into POINT_KM (NUM_COURSE,NUM_ETAPE,KM,CODE_COMMUNE,CODE_CATEGORIE,CODE_PAYS,CODE_TYPE,HEURE_PASSAGE_POINT_KM,LIBELLE_TYPE,LIBELLE_CATEGORIE) values (2013,1,0,85142,'DEPAR','FR','AUTRE',to_timestamp('01/06/13 12:00:00,000000000','DD/MM/RR HH24:MI:SS,FF'),'Autre','Départ                          ');
Insert into POINT_KM (NUM_COURSE,NUM_ETAPE,KM,CODE_COMMUNE,CODE_CATEGORIE,CODE_PAYS,CODE_TYPE,HEURE_PASSAGE_POINT_KM,LIBELLE_TYPE,LIBELLE_CATEGORIE) values (2011,3,0,25200,'DEPAR','FR','AUTRE',to_timestamp('04/07/12 11:00:00,000000000','DD/MM/RR HH24:MI:SS,FF'),'Autre','Départ                          ');
Insert into POINT_KM (NUM_COURSE,NUM_ETAPE,KM,CODE_COMMUNE,CODE_CATEGORIE,CODE_PAYS,CODE_TYPE,HEURE_PASSAGE_POINT_KM,LIBELLE_TYPE,LIBELLE_CATEGORIE) values (2011,3,100,68350,'COLHC','FR','MONTA',to_timestamp('04/07/12 14:30:00,000000000','DD/MM/RR HH24:MI:SS,FF'),'Montagne','Col hors catégorie              ');
Insert into POINT_KM (NUM_COURSE,NUM_ETAPE,KM,CODE_COMMUNE,CODE_CATEGORIE,CODE_PAYS,CODE_TYPE,HEURE_PASSAGE_POINT_KM,LIBELLE_TYPE,LIBELLE_CATEGORIE) values (2011,3,140,68700,'SPRIN','FR','SPRIN',to_timestamp('04/07/12 15:00:00,000000000','DD/MM/RR HH24:MI:SS,FF'),'Sprint','Sprint                          ');
Insert into POINT_KM (NUM_COURSE,NUM_ETAPE,KM,CODE_COMMUNE,CODE_CATEGORIE,CODE_PAYS,CODE_TYPE,HEURE_PASSAGE_POINT_KM,LIBELLE_TYPE,LIBELLE_CATEGORIE) values (2011,3,190,68000,'PLAT ','FR','ARRIV',to_timestamp('04/07/12 17:30:00,000000000','DD/MM/RR HH24:MI:SS,FF'),'Arrivée','Arrivée plat                    ');
Insert into POINT_KM (NUM_COURSE,NUM_ETAPE,KM,CODE_COMMUNE,CODE_CATEGORIE,CODE_PAYS,CODE_TYPE,HEURE_PASSAGE_POINT_KM,LIBELLE_TYPE,LIBELLE_CATEGORIE) values (2011,4,0,51454,'DEPAR','FR','AUTRE',to_timestamp('05/07/12 10:00:00,000000000','DD/MM/RR HH24:MI:SS,FF'),'Autre','Départ                          ');
Insert into POINT_KM (NUM_COURSE,NUM_ETAPE,KM,CODE_COMMUNE,CODE_CATEGORIE,CODE_PAYS,CODE_TYPE,HEURE_PASSAGE_POINT_KM,LIBELLE_TYPE,LIBELLE_CATEGORIE) values (2011,4,110,75000,'SPRIN','FR','SPRIN',to_timestamp('05/07/12 15:00:00,000000000','DD/MM/RR HH24:MI:SS,FF'),'Sprint','Sprint                          ');
Insert into POINT_KM (NUM_COURSE,NUM_ETAPE,KM,CODE_COMMUNE,CODE_CATEGORIE,CODE_PAYS,CODE_TYPE,HEURE_PASSAGE_POINT_KM,LIBELLE_TYPE,LIBELLE_CATEGORIE) values (2011,4,200,75000,'PLAT ','FR','ARRIV',to_timestamp('05/07/12 17:00:00,000000000','DD/MM/RR HH24:MI:SS,FF'),'Arrivée','Arrivée plat                    ');


REM INSERTING into MEMBRE_JURY
Insert into MEMBRE_JURY (NUM_MEMBRE_JURY,NOM_MEMBRE_JURY,PRENOM_MEMBRE_JURY) values (2,'Guillemot','Yannick');
Insert into MEMBRE_JURY (NUM_MEMBRE_JURY,NOM_MEMBRE_JURY,PRENOM_MEMBRE_JURY) values (3,'Brossas','Anais');
Insert into MEMBRE_JURY (NUM_MEMBRE_JURY,NOM_MEMBRE_JURY,PRENOM_MEMBRE_JURY) values (4,'Potage','Ronan');
Insert into MEMBRE_JURY (NUM_MEMBRE_JURY,NOM_MEMBRE_JURY,PRENOM_MEMBRE_JURY) values (1,'Fischer','Christian');


REM INSERTING into PARTICIPANT
Insert into PARTICIPANT (NUM_COURSE,NUM_DOSSARD,NUM_COUREUR,CODE_EQUIPE,NUM_ETAPE,KM,DESC_ABANDON,NOM_EQUIPE) values (2013,131,11,'FDJ',null,null,null,'FRANCAISE DES JEUX');
Insert into PARTICIPANT (NUM_COURSE,NUM_DOSSARD,NUM_COUREUR,CODE_EQUIPE,NUM_ETAPE,KM,DESC_ABANDON,NOM_EQUIPE) values (2011,141,1,'BMC',null,null,null,'BMC RACING TEAM');
Insert into PARTICIPANT (NUM_COURSE,NUM_DOSSARD,NUM_COUREUR,CODE_EQUIPE,NUM_ETAPE,KM,DESC_ABANDON,NOM_EQUIPE) values (2011,181,21,'EUC',null,null,null,'TEAM EUROPCAR');
Insert into PARTICIPANT (NUM_COURSE,NUM_DOSSARD,NUM_COUREUR,CODE_EQUIPE,NUM_ETAPE,KM,DESC_ABANDON,NOM_EQUIPE) values (2011,182,22,'EUC',null,null,null,'TEAM EUROPCAR');
Insert into PARTICIPANT (NUM_COURSE,NUM_DOSSARD,NUM_COUREUR,CODE_EQUIPE,NUM_ETAPE,KM,DESC_ABANDON,NOM_EQUIPE) values (2011,183,23,'EUC',null,null,null,'TEAM EUROPCAR');
Insert into PARTICIPANT (NUM_COURSE,NUM_DOSSARD,NUM_COUREUR,CODE_EQUIPE,NUM_ETAPE,KM,DESC_ABANDON,NOM_EQUIPE) values (2011,184,24,'EUC',1,104,'Gastro-entérite','TEAM EUROPCAR');
Insert into PARTICIPANT (NUM_COURSE,NUM_DOSSARD,NUM_COUREUR,CODE_EQUIPE,NUM_ETAPE,KM,DESC_ABANDON,NOM_EQUIPE) values (2013,100,13,'FDJ',null,null,null,'FRANCAISE DES JEUX');
Insert into PARTICIPANT (NUM_COURSE,NUM_DOSSARD,NUM_COUREUR,CODE_EQUIPE,NUM_ETAPE,KM,DESC_ABANDON,NOM_EQUIPE) values (2011,142,2,'BMC',null,null,null,'BMC RACING TEAM');
Insert into PARTICIPANT (NUM_COURSE,NUM_DOSSARD,NUM_COUREUR,CODE_EQUIPE,NUM_ETAPE,KM,DESC_ABANDON,NOM_EQUIPE) values (2011,143,3,'BMC',null,null,null,'BMC RACING TEAM');
Insert into PARTICIPANT (NUM_COURSE,NUM_DOSSARD,NUM_COUREUR,CODE_EQUIPE,NUM_ETAPE,KM,DESC_ABANDON,NOM_EQUIPE) values (2011,144,4,'BMC',null,null,null,'BMC RACING TEAM');
Insert into PARTICIPANT (NUM_COURSE,NUM_DOSSARD,NUM_COUREUR,CODE_EQUIPE,NUM_ETAPE,KM,DESC_ABANDON,NOM_EQUIPE) values (2011,131,11,'FDJ',null,null,null,'FRANCAISE DES JEUX');
Insert into PARTICIPANT (NUM_COURSE,NUM_DOSSARD,NUM_COUREUR,CODE_EQUIPE,NUM_ETAPE,KM,DESC_ABANDON,NOM_EQUIPE) values (2011,132,12,'FDJ',null,null,null,'FRANCAISE DES JEUX');
Insert into PARTICIPANT (NUM_COURSE,NUM_DOSSARD,NUM_COUREUR,CODE_EQUIPE,NUM_ETAPE,KM,DESC_ABANDON,NOM_EQUIPE) values (2011,133,13,'FDJ',null,null,null,'FRANCAISE DES JEUX');
Insert into PARTICIPANT (NUM_COURSE,NUM_DOSSARD,NUM_COUREUR,CODE_EQUIPE,NUM_ETAPE,KM,DESC_ABANDON,NOM_EQUIPE) values (2011,134,14,'FDJ',null,null,null,'FRANCAISE DES JEUX');


REM INSERTING into VOTE_COMBATIF_ETAPE
Insert into VOTE_COMBATIF_ETAPE (NUM_MEMBRE_JURY,NUM_COURSE,NUM_ETAPE,NUM_DOSSARD) values (2,2011,1,143);
Insert into VOTE_COMBATIF_ETAPE (NUM_MEMBRE_JURY,NUM_COURSE,NUM_ETAPE,NUM_DOSSARD) values (2,2011,2,141);
Insert into VOTE_COMBATIF_ETAPE (NUM_MEMBRE_JURY,NUM_COURSE,NUM_ETAPE,NUM_DOSSARD) values (3,2011,1,141);
Insert into VOTE_COMBATIF_ETAPE (NUM_MEMBRE_JURY,NUM_COURSE,NUM_ETAPE,NUM_DOSSARD) values (3,2011,2,143);
Insert into VOTE_COMBATIF_ETAPE (NUM_MEMBRE_JURY,NUM_COURSE,NUM_ETAPE,NUM_DOSSARD) values (4,2011,1,143);
Insert into VOTE_COMBATIF_ETAPE (NUM_MEMBRE_JURY,NUM_COURSE,NUM_ETAPE,NUM_DOSSARD) values (4,2011,2,131);
Insert into VOTE_COMBATIF_ETAPE (NUM_MEMBRE_JURY,NUM_COURSE,NUM_ETAPE,NUM_DOSSARD) values (1,2011,1,141);
Insert into VOTE_COMBATIF_ETAPE (NUM_MEMBRE_JURY,NUM_COURSE,NUM_ETAPE,NUM_DOSSARD) values (1,2011,2,141);


REM INSERTING into ATTEINDRE
Insert into ATTEINDRE (NUM_DOSSARD,NUM_COURSE,NUM_ETAPE,KM,CLASSEMENT,HEURE_PASSAGE) values (131,2011,1,191,5,5,to_timestamp('02/07/11 17:05:00,000000000','DD/MM/RR HH24:MI:SS,FF'));
Insert into ATTEINDRE (NUM_DOSSARD,NUM_COURSE,NUM_ETAPE,KM,CLASSEMENT,HEURE_PASSAGE) values (132,2011,1,191,4,1,to_timestamp('02/07/11 17:00:00,000000000','DD/MM/RR HH24:MI:SS,FF'));
Insert into ATTEINDRE (NUM_DOSSARD,NUM_COURSE,NUM_ETAPE,KM,CLASSEMENT,HEURE_PASSAGE) values (132,2011,1,191,5,6,to_timestamp('02/07/11 17:06:00,000000000','DD/MM/RR HH24:MI:SS,FF'));
Insert into ATTEINDRE (NUM_DOSSARD,NUM_COURSE,NUM_ETAPE,KM,CLASSEMENT,HEURE_PASSAGE) values (133,2011,1,87,2,to_timestamp('02/07/11 13:02:00,000000000','DD/MM/RR HH24:MI:SS,FF'));
Insert into ATTEINDRE (NUM_DOSSARD,NUM_COURSE,NUM_ETAPE,KM,CLASSEMENT,HEURE_PASSAGE) values (134,2011,1,87,3,to_timestamp('02/07/11 13:03:00,000000000','DD/MM/RR HH24:MI:SS,FF'));
Insert into ATTEINDRE (NUM_DOSSARD,NUM_COURSE,NUM_ETAPE,KM,CLASSEMENT,HEURE_PASSAGE) values (133,2011,1,191,5,7,to_timestamp('02/07/11 17:00:07,000000000','DD/MM/RR HH24:MI:SS,FF'));
Insert into ATTEINDRE (NUM_DOSSARD,NUM_COURSE,NUM_ETAPE,KM,CLASSEMENT,HEURE_PASSAGE) values (134,2011,1,191,5,8,to_timestamp('02/07/11 17:00:08,000000000','DD/MM/RR HH24:MI:SS,FF'));
Insert into ATTEINDRE (NUM_DOSSARD,NUM_COURSE,NUM_ETAPE,KM,CLASSEMENT,HEURE_PASSAGE) values (144,2011,2,20,1,to_timestamp('03/07/11 12:00:00,000000000','DD/MM/RR HH24:MI:SS,FF'));
Insert into ATTEINDRE (NUM_DOSSARD,NUM_COURSE,NUM_ETAPE,KM,CLASSEMENT,HEURE_PASSAGE) values (132,2011,2,20,2,to_timestamp('03/07/11 12:01:00,000000000','DD/MM/RR HH24:MI:SS,FF'));
Insert into ATTEINDRE (NUM_DOSSARD,NUM_COURSE,NUM_ETAPE,KM,CLASSEMENT,HEURE_PASSAGE) values (131,2011,2,20,3,to_timestamp('03/07/11 12:02:00,000000000','DD/MM/RR HH24:MI:SS,FF'));
Insert into ATTEINDRE (NUM_DOSSARD,NUM_COURSE,NUM_ETAPE,KM,CLASSEMENT,HEURE_PASSAGE) values (133,2011,2,20,4,to_timestamp('03/07/11 12:05:00,000000000','DD/MM/RR HH24:MI:SS,FF'));
Insert into ATTEINDRE (NUM_DOSSARD,NUM_COURSE,NUM_ETAPE,KM,CLASSEMENT,HEURE_PASSAGE) values (143,2011,2,20,5,to_timestamp('03/07/11 12:06:00,000000000','DD/MM/RR HH24:MI:SS,FF'));
Insert into ATTEINDRE (NUM_DOSSARD,NUM_COURSE,NUM_ETAPE,KM,CLASSEMENT,HEURE_PASSAGE) values (134,2011,2,20,6,to_timestamp('03/07/11 12:07:00,000000000','DD/MM/RR HH24:MI:SS,FF'));
Insert into ATTEINDRE (NUM_DOSSARD,NUM_COURSE,NUM_ETAPE,KM,CLASSEMENT,HEURE_PASSAGE) values (143,2011,2,23,3,to_timestamp('03/07/11 13:01:00,000000000','DD/MM/RR HH24:MI:SS,FF'));
Insert into ATTEINDRE (NUM_DOSSARD,NUM_COURSE,NUM_ETAPE,KM,CLASSEMENT,HEURE_PASSAGE) values (144,2011,2,23,4,to_timestamp('03/07/11 13:02:00,000000000','DD/MM/RR HH24:MI:SS,FF'));
Insert into ATTEINDRE (NUM_DOSSARD,NUM_COURSE,NUM_ETAPE,KM,CLASSEMENT,HEURE_PASSAGE) values (131,2011,2,23,5,to_timestamp('03/07/11 13:03:00,000000000','DD/MM/RR HH24:MI:SS,FF'));
Insert into ATTEINDRE (NUM_DOSSARD,NUM_COURSE,NUM_ETAPE,KM,CLASSEMENT,HEURE_PASSAGE) values (132,2011,2,23,6,to_timestamp('03/07/11 13:04:00,000000000','DD/MM/RR HH24:MI:SS,FF'));
Insert into ATTEINDRE (NUM_DOSSARD,NUM_COURSE,NUM_ETAPE,KM,CLASSEMENT,HEURE_PASSAGE) values (133,2011,2,23,7,to_timestamp('03/07/11 13:05:00,000000000','DD/MM/RR HH24:MI:SS,FF'));
Insert into ATTEINDRE (NUM_DOSSARD,NUM_COURSE,NUM_ETAPE,KM,CLASSEMENT,HEURE_PASSAGE) values (134,2011,2,23,8,to_timestamp('03/07/11 13:06:00,000000000','DD/MM/RR HH24:MI:SS,FF'));
Insert into ATTEINDRE (NUM_DOSSARD,NUM_COURSE,NUM_ETAPE,KM,CLASSEMENT,HEURE_PASSAGE) values (181,2011,1,191,5,9,to_timestamp('02/07/11 17:16:00,000000000','DD/MM/RR HH24:MI:SS,FF'));
Insert into ATTEINDRE (NUM_DOSSARD,NUM_COURSE,NUM_ETAPE,KM,CLASSEMENT,HEURE_PASSAGE) values (182,2011,1,191,5,10,to_timestamp('02/07/11 17:17:00,000000000','DD/MM/RR HH24:MI:SS,FF'));
Insert into ATTEINDRE (NUM_DOSSARD,NUM_COURSE,NUM_ETAPE,KM,CLASSEMENT,HEURE_PASSAGE) values (183,2011,1,191,5,11,to_timestamp('02/07/11 17:18:00,000000000','DD/MM/RR HH24:MI:SS,FF'));
Insert into ATTEINDRE (NUM_DOSSARD,NUM_COURSE,NUM_ETAPE,KM,CLASSEMENT,HEURE_PASSAGE) values (181,2011,2,23,11,to_timestamp('03/07/11 13:10:00,000000000','DD/MM/RR HH24:MI:SS,FF'));
Insert into ATTEINDRE (NUM_DOSSARD,NUM_COURSE,NUM_ETAPE,KM,CLASSEMENT,HEURE_PASSAGE) values (182,2011,2,23,9,to_timestamp('03/07/11 13:07:00,000000000','DD/MM/RR HH24:MI:SS,FF'));
Insert into ATTEINDRE (NUM_DOSSARD,NUM_COURSE,NUM_ETAPE,KM,CLASSEMENT,HEURE_PASSAGE) values (183,2011,2,23,10,to_timestamp('03/07/11 13:09:00,000000000','DD/MM/RR HH24:MI:SS,FF'));
Insert into ATTEINDRE (NUM_DOSSARD,NUM_COURSE,NUM_ETAPE,KM,CLASSEMENT,HEURE_PASSAGE) values (181,2011,3,100,1,to_timestamp('04/07/11 15:01:00,000000000','DD/MM/RR HH24:MI:SS,FF'));
Insert into ATTEINDRE (NUM_DOSSARD,NUM_COURSE,NUM_ETAPE,KM,CLASSEMENT,HEURE_PASSAGE) values (132,2011,3,100,2,to_timestamp('04/07/11 15:02:00,000000000','DD/MM/RR HH24:MI:SS,FF'));
Insert into ATTEINDRE (NUM_DOSSARD,NUM_COURSE,NUM_ETAPE,KM,CLASSEMENT,HEURE_PASSAGE) values (183,2011,3,100,3,to_timestamp('04/07/11 15:03:00,000000000','DD/MM/RR HH24:MI:SS,FF'));
Insert into ATTEINDRE (NUM_DOSSARD,NUM_COURSE,NUM_ETAPE,KM,CLASSEMENT,HEURE_PASSAGE) values (144,2011,3,100,4,to_timestamp('04/07/11 15:04:00,000000000','DD/MM/RR HH24:MI:SS,FF'));
Insert into ATTEINDRE (NUM_DOSSARD,NUM_COURSE,NUM_ETAPE,KM,CLASSEMENT,HEURE_PASSAGE) values (133,2011,3,100,5,to_timestamp('04/07/11 15:05:00,000000000','DD/MM/RR HH24:MI:SS,FF'));
Insert into ATTEINDRE (NUM_DOSSARD,NUM_COURSE,NUM_ETAPE,KM,CLASSEMENT,HEURE_PASSAGE) values (131,2011,3,100,6,to_timestamp('04/07/11 15:06:00,000000000','DD/MM/RR HH24:MI:SS,FF'));
Insert into ATTEINDRE (NUM_DOSSARD,NUM_COURSE,NUM_ETAPE,KM,CLASSEMENT,HEURE_PASSAGE) values (131,2011,3,140,1,to_timestamp('04/07/11 16:00:00,000000000','DD/MM/RR HH24:MI:SS,FF'));
Insert into ATTEINDRE (NUM_DOSSARD,NUM_COURSE,NUM_ETAPE,KM,CLASSEMENT,HEURE_PASSAGE) values (132,2011,3,140,2,to_timestamp('04/07/11 16:02:00,000000000','DD/MM/RR HH24:MI:SS,FF'));
Insert into ATTEINDRE (NUM_DOSSARD,NUM_COURSE,NUM_ETAPE,KM,CLASSEMENT,HEURE_PASSAGE) values (133,2011,3,140,3,to_timestamp('04/07/11 16:03:00,000000000','DD/MM/RR HH24:MI:SS,FF'));
Insert into ATTEINDRE (NUM_DOSSARD,NUM_COURSE,NUM_ETAPE,KM,CLASSEMENT,HEURE_PASSAGE) values (133,2011,3,190,1,to_timestamp('04/07/11 17:35:00,000000000','DD/MM/RR HH24:MI:SS,FF'));
Insert into ATTEINDRE (NUM_DOSSARD,NUM_COURSE,NUM_ETAPE,KM,CLASSEMENT,HEURE_PASSAGE) values (181,2011,3,190,2,to_timestamp('04/07/11 17:37:00,000000000','DD/MM/RR HH24:MI:SS,FF'));
Insert into ATTEINDRE (NUM_DOSSARD,NUM_COURSE,NUM_ETAPE,KM,CLASSEMENT,HEURE_PASSAGE) values (132,2011,3,190,3,to_timestamp('04/07/11 17:40:00,000000000','DD/MM/RR HH24:MI:SS,FF'));
Insert into ATTEINDRE (NUM_DOSSARD,NUM_COURSE,NUM_ETAPE,KM,CLASSEMENT,HEURE_PASSAGE) values (142,2011,3,190,4,to_timestamp('04/07/11 17:41:00,000000000','DD/MM/RR HH24:MI:SS,FF'));
Insert into ATTEINDRE (NUM_DOSSARD,NUM_COURSE,NUM_ETAPE,KM,CLASSEMENT,HEURE_PASSAGE) values (141,2011,3,190,5,to_timestamp('04/07/11 17:45:00,000000000','DD/MM/RR HH24:MI:SS,FF'));
Insert into ATTEINDRE (NUM_DOSSARD,NUM_COURSE,NUM_ETAPE,KM,CLASSEMENT,HEURE_PASSAGE) values (144,2011,3,190,6,to_timestamp('04/07/11 17:48:00,000000000','DD/MM/RR HH24:MI:SS,FF'));
Insert into ATTEINDRE (NUM_DOSSARD,NUM_COURSE,NUM_ETAPE,KM,CLASSEMENT,HEURE_PASSAGE) values (134,2011,3,190,7,to_timestamp('04/07/11 17:50:00,000000000','DD/MM/RR HH24:MI:SS,FF'));
Insert into ATTEINDRE (NUM_DOSSARD,NUM_COURSE,NUM_ETAPE,KM,CLASSEMENT,HEURE_PASSAGE) values (183,2011,3,190,8,to_timestamp('04/07/11 18:00:00,000000000','DD/MM/RR HH24:MI:SS,FF'));
Insert into ATTEINDRE (NUM_DOSSARD,NUM_COURSE,NUM_ETAPE,KM,CLASSEMENT,HEURE_PASSAGE) values (182,2011,3,190,9,to_timestamp('04/07/11 18:05:00,000000000','DD/MM/RR HH24:MI:SS,FF'));
Insert into ATTEINDRE (NUM_DOSSARD,NUM_COURSE,NUM_ETAPE,KM,CLASSEMENT,HEURE_PASSAGE) values (131,2011,3,190,10,to_timestamp('04/07/11 18:08:00,000000000','DD/MM/RR HH24:MI:SS,FF'));
Insert into ATTEINDRE (NUM_DOSSARD,NUM_COURSE,NUM_ETAPE,KM,CLASSEMENT,HEURE_PASSAGE) values (143,2011,3,190,11,to_timestamp('04/07/11 18:10:00,000000000','DD/MM/RR HH24:MI:SS,FF'));
Insert into ATTEINDRE (NUM_DOSSARD,NUM_COURSE,NUM_ETAPE,KM,CLASSEMENT,HEURE_PASSAGE) values (131,2011,4,110,1,to_timestamp('05/07/11 16:03:00,000000000','DD/MM/RR HH24:MI:SS,FF'));
Insert into ATTEINDRE (NUM_DOSSARD,NUM_COURSE,NUM_ETAPE,KM,CLASSEMENT,HEURE_PASSAGE) values (132,2011,4,110,2,to_timestamp('05/07/11 16:04:00,000000000','DD/MM/RR HH24:MI:SS,FF'));
Insert into ATTEINDRE (NUM_DOSSARD,NUM_COURSE,NUM_ETAPE,KM,CLASSEMENT,HEURE_PASSAGE) values (181,2011,4,110,3,to_timestamp('05/07/11 16:05:00,000000000','DD/MM/RR HH24:MI:SS,FF'));
Insert into ATTEINDRE (NUM_DOSSARD,NUM_COURSE,NUM_ETAPE,KM,CLASSEMENT,HEURE_PASSAGE) values (131,2011,4,200,1,to_timestamp('05/07/11 17:04:00,000000000','DD/MM/RR HH24:MI:SS,FF'));
Insert into ATTEINDRE (NUM_DOSSARD,NUM_COURSE,NUM_ETAPE,KM,CLASSEMENT,HEURE_PASSAGE) values (132,2011,4,200,2,to_timestamp('05/07/11 17:04:00,000000000','DD/MM/RR HH24:MI:SS,FF'));
Insert into ATTEINDRE (NUM_DOSSARD,NUM_COURSE,NUM_ETAPE,KM,CLASSEMENT,HEURE_PASSAGE) values (134,2011,4,200,3,to_timestamp('05/07/11 17:04:00,000000000','DD/MM/RR HH24:MI:SS,FF'));
Insert into ATTEINDRE (NUM_DOSSARD,NUM_COURSE,NUM_ETAPE,KM,CLASSEMENT,HEURE_PASSAGE) values (181,2011,4,200,4,to_timestamp('05/07/11 17:04:00,000000000','DD/MM/RR HH24:MI:SS,FF'));
Insert into ATTEINDRE (NUM_DOSSARD,NUM_COURSE,NUM_ETAPE,KM,CLASSEMENT,HEURE_PASSAGE) values (182,2011,4,200,5,to_timestamp('05/07/11 17:04:00,000000000','DD/MM/RR HH24:MI:SS,FF'));
Insert into ATTEINDRE (NUM_DOSSARD,NUM_COURSE,NUM_ETAPE,KM,CLASSEMENT,HEURE_PASSAGE) values (183,2011,4,200,6,to_timestamp('05/07/11 17:04:00,000000000','DD/MM/RR HH24:MI:SS,FF'));
Insert into ATTEINDRE (NUM_DOSSARD,NUM_COURSE,NUM_ETAPE,KM,CLASSEMENT,HEURE_PASSAGE) values (144,2011,4,200,7,to_timestamp('05/07/11 17:04:00,000000000','DD/MM/RR HH24:MI:SS,FF'));
Insert into ATTEINDRE (NUM_DOSSARD,NUM_COURSE,NUM_ETAPE,KM,CLASSEMENT,HEURE_PASSAGE) values (142,2011,4,200,8,to_timestamp('05/07/11 17:04:00,000000000','DD/MM/RR HH24:MI:SS,FF'));
Insert into ATTEINDRE (NUM_DOSSARD,NUM_COURSE,NUM_ETAPE,KM,CLASSEMENT,HEURE_PASSAGE) values (143,2011,4,200,9,to_timestamp('05/07/11 17:04:00,000000000','DD/MM/RR HH24:MI:SS,FF'));
Insert into ATTEINDRE (NUM_DOSSARD,NUM_COURSE,NUM_ETAPE,KM,CLASSEMENT,HEURE_PASSAGE) values (133,2011,4,200,10,to_timestamp('05/07/11 17:04:00,000000000','DD/MM/RR HH24:MI:SS,FF'));
Insert into ATTEINDRE (NUM_DOSSARD,NUM_COURSE,NUM_ETAPE,KM,CLASSEMENT,HEURE_PASSAGE) values (141,2011,4,200,11,to_timestamp('05/07/11 17:04:00,000000000','DD/MM/RR HH24:MI:SS,FF'));
Insert into ATTEINDRE (NUM_DOSSARD,NUM_COURSE,NUM_ETAPE,KM,CLASSEMENT,HEURE_PASSAGE) values (141,2011,1,191,5,1,to_timestamp('02/07/11 17:00:00,000000000','DD/MM/RR HH24:MI:SS,FF'));
Insert into ATTEINDRE (NUM_DOSSARD,NUM_COURSE,NUM_ETAPE,KM,CLASSEMENT,HEURE_PASSAGE) values (141,2011,2,23,2,to_timestamp('03/07/11 13:00:10,000000000','DD/MM/RR HH24:MI:SS,FF'));
Insert into ATTEINDRE (NUM_DOSSARD,NUM_COURSE,NUM_ETAPE,KM,CLASSEMENT,HEURE_PASSAGE) values (142,2011,2,23,1,to_timestamp('03/07/11 13:00:00,000000000','DD/MM/RR HH24:MI:SS,FF'));
Insert into ATTEINDRE (NUM_DOSSARD,NUM_COURSE,NUM_ETAPE,KM,CLASSEMENT,HEURE_PASSAGE) values (144,2011,1,87,1,to_timestamp('02/07/11 13:00:00,000000000','DD/MM/RR HH24:MI:SS,FF'));
Insert into ATTEINDRE (NUM_DOSSARD,NUM_COURSE,NUM_ETAPE,KM,CLASSEMENT,HEURE_PASSAGE) values (143,2011,1,191,5,3,to_timestamp('02/07/11 17:02:00,000000000','DD/MM/RR HH24:MI:SS,FF'));
Insert into ATTEINDRE (NUM_DOSSARD,NUM_COURSE,NUM_ETAPE,KM,CLASSEMENT,HEURE_PASSAGE) values (142,2011,1,191,5,2,to_timestamp('02/07/11 17:01:00,000000000','DD/MM/RR HH24:MI:SS,FF'));
Insert into ATTEINDRE (NUM_DOSSARD,NUM_COURSE,NUM_ETAPE,KM,CLASSEMENT,HEURE_PASSAGE) values (144,2011,1,191,5,4,to_timestamp('02/07/11 17:04:00,000000000','DD/MM/RR HH24:MI:SS,FF'));


REM INSERTING into FAIRE_PARTIE
Insert into FAIRE_PARTIE (NUM_COUREUR,NUM_COURSE,CODE_EQUIPE,DATE_INSCRIPTION_EQUIPE) values (11,2013,'FDJ',null);
Insert into FAIRE_PARTIE (NUM_COUREUR,NUM_COURSE,CODE_EQUIPE,DATE_INSCRIPTION_EQUIPE) values (1,2011,'BMC',to_timestamp('01/01/01','DD/MM/RR HH24:MI:SS,FF'));
Insert into FAIRE_PARTIE (NUM_COUREUR,NUM_COURSE,CODE_EQUIPE,DATE_INSCRIPTION_EQUIPE) values (2,2011,'BMC',to_timestamp('01/01/01','DD/MM/RR HH24:MI:SS,FF'));
Insert into FAIRE_PARTIE (NUM_COUREUR,NUM_COURSE,CODE_EQUIPE,DATE_INSCRIPTION_EQUIPE) values (3,2011,'BMC',to_timestamp('01/01/01','DD/MM/RR HH24:MI:SS,FF'));
Insert into FAIRE_PARTIE (NUM_COUREUR,NUM_COURSE,CODE_EQUIPE,DATE_INSCRIPTION_EQUIPE) values (4,2011,'BMC',to_timestamp('01/01/01','DD/MM/RR HH24:MI:SS,FF'));
Insert into FAIRE_PARTIE (NUM_COUREUR,NUM_COURSE,CODE_EQUIPE,DATE_INSCRIPTION_EQUIPE) values (11,2011,'FDJ',to_timestamp('01/01/01','DD/MM/RR HH24:MI:SS,FF'));
Insert into FAIRE_PARTIE (NUM_COUREUR,NUM_COURSE,CODE_EQUIPE,DATE_INSCRIPTION_EQUIPE) values (12,2011,'FDJ',to_timestamp('01/01/01','DD/MM/RR HH24:MI:SS,FF'));
Insert into FAIRE_PARTIE (NUM_COUREUR,NUM_COURSE,CODE_EQUIPE,DATE_INSCRIPTION_EQUIPE) values (13,2011,'FDJ',to_timestamp('01/01/01','DD/MM/RR HH24:MI:SS,FF'));
Insert into FAIRE_PARTIE (NUM_COUREUR,NUM_COURSE,CODE_EQUIPE,DATE_INSCRIPTION_EQUIPE) values (14,2011,'FDJ',to_timestamp('01/01/01','DD/MM/RR HH24:MI:SS,FF'));
Insert into FAIRE_PARTIE (NUM_COUREUR,NUM_COURSE,CODE_EQUIPE,DATE_INSCRIPTION_EQUIPE) values (21,2011,'EUC',to_timestamp('01/01/01','DD/MM/RR HH24:MI:SS,FF'));
Insert into FAIRE_PARTIE (NUM_COUREUR,NUM_COURSE,CODE_EQUIPE,DATE_INSCRIPTION_EQUIPE) values (22,2011,'EUC',to_timestamp('01/01/01','DD/MM/RR HH24:MI:SS,FF'));
Insert into FAIRE_PARTIE (NUM_COUREUR,NUM_COURSE,CODE_EQUIPE,DATE_INSCRIPTION_EQUIPE) values (23,2011,'EUC',to_timestamp('01/01/01','DD/MM/RR HH24:MI:SS,FF'));
Insert into FAIRE_PARTIE (NUM_COUREUR,NUM_COURSE,CODE_EQUIPE,DATE_INSCRIPTION_EQUIPE) values (24,2011,'EUC',to_timestamp('01/01/01','DD/MM/RR HH24:MI:SS,FF'));
Insert into FAIRE_PARTIE (NUM_COUREUR,NUM_COURSE,CODE_EQUIPE,DATE_INSCRIPTION_EQUIPE) values (13,2013,'FDJ',null);


REM INSERTING into COURIR
Insert into COURIR (NUM_DOSSARD,NUM_COURSE,NUM_ETAPE,TEMPS_GENERAL,POINTS_SPRINT_GENERAL,POINTS_MONTAGNE_GENERAL) values (131,2013,1,null,0,0);
Insert into COURIR (NUM_DOSSARD,NUM_COURSE,NUM_ETAPE,TEMPS_GENERAL,POINTS_SPRINT_GENERAL,POINTS_MONTAGNE_GENERAL) values (141,2011,1,'0 7:0:0.0',45,0);
Insert into COURIR (NUM_DOSSARD,NUM_COURSE,NUM_ETAPE,TEMPS_GENERAL,POINTS_SPRINT_GENERAL,POINTS_MONTAGNE_GENERAL) values (131,2011,2,'0 10:8:0.0',28,18);
Insert into COURIR (NUM_DOSSARD,NUM_COURSE,NUM_ETAPE,TEMPS_GENERAL,POINTS_SPRINT_GENERAL,POINTS_MONTAGNE_GENERAL) values (132,2011,2,'0 10:10:0.0',25,17);
Insert into COURIR (NUM_DOSSARD,NUM_COURSE,NUM_ETAPE,TEMPS_GENERAL,POINTS_SPRINT_GENERAL,POINTS_MONTAGNE_GENERAL) values (133,2011,2,'0 10:5:7.0',26,12);
Insert into COURIR (NUM_DOSSARD,NUM_COURSE,NUM_ETAPE,TEMPS_GENERAL,POINTS_SPRINT_GENERAL,POINTS_MONTAGNE_GENERAL) values (134,2011,2,'0 10:6:8.0',21,3);
Insert into COURIR (NUM_DOSSARD,NUM_COURSE,NUM_ETAPE,TEMPS_GENERAL,POINTS_SPRINT_GENERAL,POINTS_MONTAGNE_GENERAL) values (181,2011,1,'0 7:16:0.0',14,0);
Insert into COURIR (NUM_DOSSARD,NUM_COURSE,NUM_ETAPE,TEMPS_GENERAL,POINTS_SPRINT_GENERAL,POINTS_MONTAGNE_GENERAL) values (182,2011,1,'0 7:17:0.0',12,0);
Insert into COURIR (NUM_DOSSARD,NUM_COURSE,NUM_ETAPE,TEMPS_GENERAL,POINTS_SPRINT_GENERAL,POINTS_MONTAGNE_GENERAL) values (183,2011,1,'0 7:18:0.0',10,0);
Insert into COURIR (NUM_DOSSARD,NUM_COURSE,NUM_ETAPE,TEMPS_GENERAL,POINTS_SPRINT_GENERAL,POINTS_MONTAGNE_GENERAL) values (184,2011,1,null,0,0);
Insert into COURIR (NUM_DOSSARD,NUM_COURSE,NUM_ETAPE,TEMPS_GENERAL,POINTS_SPRINT_GENERAL,POINTS_MONTAGNE_GENERAL) values (181,2011,2,'0 10:26:0.0',14,0);
Insert into COURIR (NUM_DOSSARD,NUM_COURSE,NUM_ETAPE,TEMPS_GENERAL,POINTS_SPRINT_GENERAL,POINTS_MONTAGNE_GENERAL) values (182,2011,2,'0 10:24:0.0',14,0);
Insert into COURIR (NUM_DOSSARD,NUM_COURSE,NUM_ETAPE,TEMPS_GENERAL,POINTS_SPRINT_GENERAL,POINTS_MONTAGNE_GENERAL) values (183,2011,2,'0 10:27:0.0',11,0);
Insert into COURIR (NUM_DOSSARD,NUM_COURSE,NUM_ETAPE,TEMPS_GENERAL,POINTS_SPRINT_GENERAL,POINTS_MONTAGNE_GENERAL) values (181,2011,3,'0 17:3:0.0',49,60);
Insert into COURIR (NUM_DOSSARD,NUM_COURSE,NUM_ETAPE,TEMPS_GENERAL,POINTS_SPRINT_GENERAL,POINTS_MONTAGNE_GENERAL) values (182,2011,3,'0 17:29:0.0',28,0);
Insert into COURIR (NUM_DOSSARD,NUM_COURSE,NUM_ETAPE,TEMPS_GENERAL,POINTS_SPRINT_GENERAL,POINTS_MONTAGNE_GENERAL) values (183,2011,3,'0 17:27:0.0',27,24);
Insert into COURIR (NUM_DOSSARD,NUM_COURSE,NUM_ETAPE,TEMPS_GENERAL,POINTS_SPRINT_GENERAL,POINTS_MONTAGNE_GENERAL) values (100,2013,1,null,0,0);
Insert into COURIR (NUM_DOSSARD,NUM_COURSE,NUM_ETAPE,TEMPS_GENERAL,POINTS_SPRINT_GENERAL,POINTS_MONTAGNE_GENERAL) values (141,2011,3,'0 16:45:10.0',79,0);
Insert into COURIR (NUM_DOSSARD,NUM_COURSE,NUM_ETAPE,TEMPS_GENERAL,POINTS_SPRINT_GENERAL,POINTS_MONTAGNE_GENERAL) values (142,2011,3,'0 16:42:0.0',76,0);
Insert into COURIR (NUM_DOSSARD,NUM_COURSE,NUM_ETAPE,TEMPS_GENERAL,POINTS_SPRINT_GENERAL,POINTS_MONTAGNE_GENERAL) values (143,2011,3,'0 17:13:0.0',50,2);
Insert into COURIR (NUM_DOSSARD,NUM_COURSE,NUM_ETAPE,TEMPS_GENERAL,POINTS_SPRINT_GENERAL,POINTS_MONTAGNE_GENERAL) values (133,2011,3,'0 16:40:7.0',75,12);
Insert into COURIR (NUM_DOSSARD,NUM_COURSE,NUM_ETAPE,TEMPS_GENERAL,POINTS_SPRINT_GENERAL,POINTS_MONTAGNE_GENERAL) values (144,2011,3,'0 16:54:0.0',60,26);
Insert into COURIR (NUM_DOSSARD,NUM_COURSE,NUM_ETAPE,TEMPS_GENERAL,POINTS_SPRINT_GENERAL,POINTS_MONTAGNE_GENERAL) values (134,2011,3,'0 16:56:8.0',39,1);
Insert into COURIR (NUM_DOSSARD,NUM_COURSE,NUM_ETAPE,TEMPS_GENERAL,POINTS_SPRINT_GENERAL,POINTS_MONTAGNE_GENERAL) values (131,2011,3,'0 17:16:0.0',52,10);
Insert into COURIR (NUM_DOSSARD,NUM_COURSE,NUM_ETAPE,TEMPS_GENERAL,POINTS_SPRINT_GENERAL,POINTS_MONTAGNE_GENERAL) values (132,2011,3,'0 16:50:0.0',67,41);
Insert into COURIR (NUM_DOSSARD,NUM_COURSE,NUM_ETAPE,TEMPS_GENERAL,POINTS_SPRINT_GENERAL,POINTS_MONTAGNE_GENERAL) values (133,2011,4,'0 23:44:7.0',85,8);
Insert into COURIR (NUM_DOSSARD,NUM_COURSE,NUM_ETAPE,TEMPS_GENERAL,POINTS_SPRINT_GENERAL,POINTS_MONTAGNE_GENERAL) values (181,2011,4,'1 0:7:0.0',79,20);
Insert into COURIR (NUM_DOSSARD,NUM_COURSE,NUM_ETAPE,TEMPS_GENERAL,POINTS_SPRINT_GENERAL,POINTS_MONTAGNE_GENERAL) values (132,2011,4,'0 23:54:0.0',102,25);
Insert into COURIR (NUM_DOSSARD,NUM_COURSE,NUM_ETAPE,TEMPS_GENERAL,POINTS_SPRINT_GENERAL,POINTS_MONTAGNE_GENERAL) values (142,2011,4,'0 23:46:0.0',92,0);
Insert into COURIR (NUM_DOSSARD,NUM_COURSE,NUM_ETAPE,TEMPS_GENERAL,POINTS_SPRINT_GENERAL,POINTS_MONTAGNE_GENERAL) values (141,2011,4,'0 23:49:10.0',89,0);
Insert into COURIR (NUM_DOSSARD,NUM_COURSE,NUM_ETAPE,TEMPS_GENERAL,POINTS_SPRINT_GENERAL,POINTS_MONTAGNE_GENERAL) values (144,2011,4,'0 23:58:0.0',78,18);
Insert into COURIR (NUM_DOSSARD,NUM_COURSE,NUM_ETAPE,TEMPS_GENERAL,POINTS_SPRINT_GENERAL,POINTS_MONTAGNE_GENERAL) values (134,2011,4,'1 0:0:8.0',69,1);
Insert into COURIR (NUM_DOSSARD,NUM_COURSE,NUM_ETAPE,TEMPS_GENERAL,POINTS_SPRINT_GENERAL,POINTS_MONTAGNE_GENERAL) values (183,2011,4,'1 0:31:0.0',47,12);
Insert into COURIR (NUM_DOSSARD,NUM_COURSE,NUM_ETAPE,TEMPS_GENERAL,POINTS_SPRINT_GENERAL,POINTS_MONTAGNE_GENERAL) values (182,2011,4,'1 0:33:0.0',50,0);
Insert into COURIR (NUM_DOSSARD,NUM_COURSE,NUM_ETAPE,TEMPS_GENERAL,POINTS_SPRINT_GENERAL,POINTS_MONTAGNE_GENERAL) values (131,2011,4,'1 0:20:0.0',103,8);
Insert into COURIR (NUM_DOSSARD,NUM_COURSE,NUM_ETAPE,TEMPS_GENERAL,POINTS_SPRINT_GENERAL,POINTS_MONTAGNE_GENERAL) values (143,2011,4,'1 0:17:0.0',64,2);
Insert into COURIR (NUM_DOSSARD,NUM_COURSE,NUM_ETAPE,TEMPS_GENERAL,POINTS_SPRINT_GENERAL,POINTS_MONTAGNE_GENERAL) values (144,2011,2,'0 10:6:0.0',40,30);
Insert into COURIR (NUM_DOSSARD,NUM_COURSE,NUM_ETAPE,TEMPS_GENERAL,POINTS_SPRINT_GENERAL,POINTS_MONTAGNE_GENERAL) values (142,2011,1,'0 7:1:0.0',35,0);
Insert into COURIR (NUM_DOSSARD,NUM_COURSE,NUM_ETAPE,TEMPS_GENERAL,POINTS_SPRINT_GENERAL,POINTS_MONTAGNE_GENERAL) values (142,2011,2,'0 10:1:0.0',50,0);
Insert into COURIR (NUM_DOSSARD,NUM_COURSE,NUM_ETAPE,TEMPS_GENERAL,POINTS_SPRINT_GENERAL,POINTS_MONTAGNE_GENERAL) values (143,2011,1,'0 7:2:0.0',30,0);
Insert into COURIR (NUM_DOSSARD,NUM_COURSE,NUM_ETAPE,TEMPS_GENERAL,POINTS_SPRINT_GENERAL,POINTS_MONTAGNE_GENERAL) values (144,2011,1,'0 7:4:0.0',50,0);
Insert into COURIR (NUM_DOSSARD,NUM_COURSE,NUM_ETAPE,TEMPS_GENERAL,POINTS_SPRINT_GENERAL,POINTS_MONTAGNE_GENERAL) values (131,2011,1,'0 7:5:0.0',22,0);
Insert into COURIR (NUM_DOSSARD,NUM_COURSE,NUM_ETAPE,TEMPS_GENERAL,POINTS_SPRINT_GENERAL,POINTS_MONTAGNE_GENERAL) values (132,2011,1,'0 7:6:0.0',20,1);
Insert into COURIR (NUM_DOSSARD,NUM_COURSE,NUM_ETAPE,TEMPS_GENERAL,POINTS_SPRINT_GENERAL,POINTS_MONTAGNE_GENERAL) values (133,2011,1,'0 7:0:7.0',30,0);
Insert into COURIR (NUM_DOSSARD,NUM_COURSE,NUM_ETAPE,TEMPS_GENERAL,POINTS_SPRINT_GENERAL,POINTS_MONTAGNE_GENERAL) values (134,2011,1,'0 7:0:8.0',22,0);
Insert into COURIR (NUM_DOSSARD,NUM_COURSE,NUM_ETAPE,TEMPS_GENERAL,POINTS_SPRINT_GENERAL,POINTS_MONTAGNE_GENERAL) values (143,2011,2,'0 10:3:0.0',40,6);
Insert into COURIR (NUM_DOSSARD,NUM_COURSE,NUM_ETAPE,TEMPS_GENERAL,POINTS_SPRINT_GENERAL,POINTS_MONTAGNE_GENERAL) values (141,2011,2,'0 10:0:10.0',57,0);
